Surname,"First Name","Middle Name",Email,Gender,Age,DOB,Cast,Position,"Voter ID",Dead,Voted,"Star Voter","Colour Code","Mobile 1","Mobile 2",Image,Society,"House No","Flat No",Booth,Village,"Part No",SRN,"Voting Centre","Extra Info 1","Extra Info 2","Extra Info 3","Extra Info 4","Extra Info 5","Extra Check 1","Extra Check 2"
सॅलिनास,रुडयार्ड,"लांस वेस्ट",mail11@gmail.com,male_mr,51,1985-01-26,ब्राह्मण,सरपंच,AA10239983BB,0,0,0,#FFE91E63,+916204546295,+91620454629,https://rajneta.fusiontechlab.site,सलकिया,डेमो-04,फ्लॅट-04,बूथनो-04,सहजगंज,भाग-004,चाचणी04,"18 - पिंपळे","First extra Information_mr",,,,,1,1
बॅरी,अल्डेन,"व्हिन्सेंट बोल्टन",sanjaya@mailinator.com,female_mr,59,2011-05-16,ब्राह्मण,सरपंच,AA1213442,1,0,0,#FFF44336,1234678903,387876554,https://rajneta.fusiontechlab.site,रिश्रा,डेमो-04,फ्लॅट-04,"
बूथनो-04",सहजगंज,भाग-004,चाचणी04,"18 - पिंपळे",,,,,,1,0
बॅरी,मोली,"किओना झामोरा",waxahakyqy56@mailinator.com,male_mr,85,2024-01-13,ब्राह्मण,सरपंच,"Modi consectetur nu",0,1,1,#FFFF5722,3565465466,356546546,https://rajneta.fusiontechlab.site/voter_images/1729662583_download.jpg,सलकिया,डेमो-03,फ्लॅट-03,बूथनो-03,भरतपूर,भाग-003,चाचणी03,"12 - निमोन",,,,,,0,0
किर्कलँड,सियारा,"हिलेल बर्च",porak@mailinator.com,other_mr,67,1999-03-12,क्षत्रिय,सरपंच,"Dicta voluptate mole",1,1,0,#FF009688,1010101010,86444455,"https://rajneta.fusiontechlab.site/voter_images/1732777807_download (3).jpg",अर्शा,डेमो-03,फ्लॅट-03,बूथनो-03,भरतपूर,भाग-003,चाचणी03,"12 - निमोन",demo1_mr,demo2_mr,demo_mr,demo_mr,demo_mr,1,0
टेट,सियारा,"वीनस होलकोम्ब",dopipef@mailinator.com,other_mr,71,1997-03-18,क्षत्रिय,सरपंच,"Aut velit ipsam faci",1,0,0,#FF000000,+916204546293,+916204546,https://rajneta.fusiontechlab.site/voter_images/1729662583_download.jpg,सलकिया,डेमो-03,फ्लॅट-03,बूथनो-03,भरतपूर,भाग-003,चाचणी03,"12 - निमोन",,,,,,0,1
मॉर्गन,लीला,"ऑस्कर रॉजर्स",cujerakyle@mailinator.com,male_mr,90,1995-12-28,क्षत्रिय,सरपंच,"Aut enim rerum optio",0,0,0,#FFFFFF,1234567890,1234567890,"https://rajneta.fusiontechlab.site/voter_images/1732710269_download (3).jpg",,,,,,,,,,,,,,,
मॉर्गन,रिया,सोमा,viluf@mailinator.com,other_mr,80,2005-10-27,वैश्यस्य,उप,"Necessitatibus quos",1,0,0,#FFF44336,6598989,1234567890,https://rajneta.fusiontechlab.site/voter_images/1732774647_property3.jpg,,,,,,,,,,,,,,,
मॉर्गन,रिया,सोमा,baxuho@mailinator.com,male_mr,6,1979-04-03,वैश्यस्य,उप,"Voluptatibus vitae f",0,0,1,#FFFFFF,9874561230,7895641,https://rajneta.fusiontechlab.site/voter_images/1732774853_girl_avtar.jfif,अर्शा,डेमो-02,फ्लॅट-02,बूथनो-02,किशनगंज,भाग-002,चाचणी02,"7 - पारेगाव बु.",,,,,,1,0
सॉलिस,समर,सोमा,dyzonugaly@mailinator.com,female_mr,41,2000-10-14,क्षत्रिय,उप,"Dignissimos cum do c",0,0,0,#008000,23456778,1234567890,https://rajneta.fusiontechlab.site/voter_images/1732710283_girl_avtar.jfif,,,,,,,,,,,,,,,
सॉलिस,क्लेटन,"रागावलेला रेली",hafupodan@mailinator.com,पुरुष,85,2019-01-10,क्षत्रिय,उपउपनियुक्त,"Iusto deserunt susci",0,0,1,,15445552,4548785858,"https://rajneta.fusiontechlab.site/voter_images/1735628630_download (2).jpg","कमी प्रमुख q आहे",डेमो-01,फ्लॅट-01,बूथनो-01,संतोषपूर,"मजा आहे कारण ती वेळ आहे",चाचणी01,"1 - देवकौठे","आनंदाच्या कमी वेळा","आमच्या बाबतीत घडणारे कोणीतरी म्हणून","आपण सर्व नेते आहोत","त्याला वेदना घेऊन यायचे आहे","त्याला थोडे दुखले होते",0,0
Lynch_mr,समर,"रागावलेला रेली",magod@mailinator.com,other_mr,7,2024-01-10,वैश्यस्य,उप,"Eum sapiente veritat",0,0,0,#FF2196F3,0123456789,454545647,https://rajneta.fusiontechlab.site/voter_images/1732774647_property3.jpg,,,,,,,,,,,,,,,
सेन,ध्वनिलहरी,जखमी,moniii@gmail.com,स्त्री,34,2009-07-25,ब्राह्मण,उप,1234566,0,0,1,#FF0000,3214567896,7876874,"https://rajneta.fusiontechlab.site/voter_images/1732715846_download (3).jpg",अर्शा,डेमो-02,फ्लॅट-02,बूथनो-02,किशनगंज,भाग-002,चाचणी02,"7 - पारेगाव बु.","प्रथम अतिरिक्त माहिती","अतिरिक्त माहिती सेकंद","अतिरिक्त माहिती तीन","अतिरिक्त माहिती चार","अतिरिक्त माहिती पाच",0,0
सेन,समर,कुमार,samar@gmail.com,पुरुष,50,1994-02-01,ब्राह्मण,उपउपनियुक्त,ABC123,0,0,1,#FFF44336,78788978545,78744787870,https://rajneta.fusiontechlab.site/voter_images/1732774647_property3.jpg,नीलाचल,डेमो-01,फ्लॅट-01,बूथनो-01,संतोषपूर,भाग01,चाचणी01,"1 - देवकौठे","प्रथम चाचणी","दुसरी चाचणी","चाचणी तिसरी","चौथी चाचणी","पाचवी चाचणी",1,1
देव,रिया,सोमा,riya@gmail.com,स्त्री,23,2009-04-03,ब्राह्मण,उपउपनियुक्त,2356888,0,0,1,#FF0000,789456123,87451415,https://rajneta.fusiontechlab.site/voter_images/1729662583_download.jpg,सलकिया,डेमो-02,फ्लॅट-02,बूथनो-02,किशनगंज,भाग-002,चाचणी02,"7 - पारेगाव बु.",एक,दोन,तीन,चार,पाच,0,0
मिश्रा,राशी,कोमल,rashi@gmail.com,स्त्री,30,2010-02-20,ब्राह्मण,उपउपनियुक्त,XYZ001,0,1,1,#FF795548,987456321,963852741,https://rajneta.fusiontechlab.site/voter_images/1737350439_girl_avtar.jfif,साल्किया,डेमो-01,फ्लॅट-01,बूथनो-01,संतोषपूर,भाग001,चाचणी01,"1 - देवकौठे","प्रथम डेमो माहिती","डेमो माहिती दुसरा","डेमो माहिती तिसरी","डेमो माहिती चौथा","डेमो माहिती ffth",0,1
