Surname,"First Name","Middle Name",Email,Gender,Age,DOB,Cast,Position,"Voter ID",Dead,Voted,"Star Voter","Colour Code","Mobile 1","Mobile 2",Image,Society,"House No","Flat No",Booth,Village,"Part No",SRN,"Voting Centre","Extra Info 1","Extra Info 2","Extra Info 3","Extra Info 4","Extra Info 5","Extra Check 1","Extra Check 2"
Salinas,Rudyard,"Lance West",mail11@gmail.com,male,51,1985-01-26,Vaishyasya,Sarpanch,AA10239983BB,0,0,0,#FFE91E63,+916204546295,+91620454629,,Salkia,demo-04,Flat-04,Boothno-04,Sahaganj,"Part-004
",Test04,"18 - Pimpale","First extra Information","Second extra Information","Third extra Information","Fourth extra Information","Fifth Extra information",1,1
Salinas,Alden,"Vincent Bolton",sanjaya@mailinator.com,female,59,2011-05-16,Brahmins,Sarpanch,AA1213442,1,0,0,#FFF44336,1234678903,387876554,,Rishra,demo-04,Flat-04,Boothno-04,Sahaganj,"Part-004
",Test04,"18 - Pimpale",helo,hello,helo,helo,helo,1,0
Mcgowan,Mollie,"Kiona Zamora",waxahakyqy56@mailinator.com,male,85,2024-01-13,Kshatriyas,Sarpanch,"Modi consectetur nu",0,1,1,#FFFF5722,3565465466,356546546,voter_images/1729662583_download.jpg,Salkia,demo-03,Flat-03,Boothno-03,Bharatpur,"Part-003
",Test03,"12 - Nimon",information,"helo second information",information,information,hii,0,0
Kirkland,Ciara,"Hilel Burch",porak@mailinator.com,other,67,1999-03-12,Kshatriyas,Sarpanch,"Dicta voluptate mole",1,1,0,#FF009688,1010101010,86444455,"voter_images/1732777807_download (3).jpg",Arsha,demo-03,Flat-03,Boothno-03,Bharatpur,"Part-003
",Test03,"12 - Nimon",demo1,demo2,demo,demo,demo,1,0
Tate,Ciara,"Venus Holcomb",dopipef@mailinator.com,other,71,1997-03-18,Kshatriyas,Sarpanch,"Aut velit ipsam faci",1,0,0,#FF000000,+916204546293,+916204546,voter_images/1729662583_download.jpg,Salkia,demo-03,Flat-03,Boothno-03,Bharatpur,"Part-003
",Test03,"12 - Nimon",demo,"helo second information",information,information,hii,0,1
Tate,Inez12,"Cain Vaughn",baxuho@mailinator.com,male,6,1979-04-03,Vaishyas,deputy,"Voluptatibus vitae f",0,0,1,#FFFFFF,9874561230,7895641,voter_images/1732774853_girl_avtar.jfif,Arsha,demo-02,Flat-02,Boothno-02,Kishanganj,"Part-002
",Test02,"7 - Paregaon Bu.",demo,demo2,demo,demo,demo,1,0
Morgan,Lila,"Oscar Rodgers",cujerakyle@mailinator.com,male,90,1995-12-28,Kshatriyas,Sarpanch,"Aut enim rerum optio",0,0,0,#FFFFFF,1234567890,1234567890,"voter_images/1732710269_download (3).jpg",,,,,,,,,,,,,,,
Woodward,Felicia,"Stephen Hall",dyzonugaly@mailinator.com,female,41,2000-10-14,Kshatriyas,deputy,"Dignissimos cum do c",0,0,0,#008000,23456778,1234567890,voter_images/1732710283_girl_avtar.jfif,,,,,,,,,,,,,,,
Hood,Alan,"Harding Chaney",viluf@mailinator.com,other,80,2005-10-27,Vaishyas,deputy,"Necessitatibus quos",1,0,0,#FFF44336,6598989,1234567890,voter_images/1732774647_property3.jpg,,,,,,,,,,,,,,,
Lynch,Megan,"Odysseus Cross",magod@mailinator.com,other,7,2024-01-10,Vaishyas,deputy,"Eum sapiente veritat",0,0,0,#FF2196F3,0123456789,454545647,voter_images/1732774647_property3.jpg,,,,,,,,,,,,,,,
sen,sonikaa,raniii,moniii@gmail.com,female,34,2009-07-25,Brahmins,deputy,1234566,0,0,1,#FF0000,3214567896,7876874,"voter_images/1732715846_download (3).jpg",Arsha,demo-02,Flat-02,Boothno-02,Kishanganj,"Part-002
",Test02,"7 - Paregaon Bu.","extra information first","extra information second","extra information three","extra nformation four","extra information five",0,0
dev,riya,soma,riya@gmail.com,female,23,2009-04-03,Brahmins,subdeputy,2356888,0,0,1,#FF0000,789456123,87451415,voter_images/1729662583_download.jpg,Salkia,demo-02,Flat-02,Boothno-02,Kishanganj,"Part-002
",Test02,"7 - Paregaon Bu.",one,two,three,four,five,0,0
Solis,Clayton,"Marah Reilly",hafupodan@mailinator.com,male,85,2019-01-10,Kshatriyas,subdeputy,"Iusto deserunt susci",0,0,1,,15445552,4548785858,"voter_images/1735628630_download (2).jpg","Minus maiores est q",demo-01,Flat-01,Boothno-01,Santoshpur,Part-001,Test01,"1 - Devkauthe","Minus tempora volupt","Ut quis eveniet nos","Ducimus omnis sunt","Veniam velit dolore","Eu aliquid dolore el",0,0
Sen,Samar,Kumar,samar@gmail.com,male,50,1994-02-01,Brahmin,subdeputy,ABC123,0,0,1,#FFF44336,78788978545,78744787870,voter_images/1732774647_property3.jpg,Nilachal,demo-01,Flat-01,Boothno-01,Santoshpur,Part-001,Test01,"1 - Devkauthe","test first","test second","test third","test fourth","test fifth",1,1
Mishra,Rashi,Komal,rashi@gmail.com,female,30,2010-02-20,Brahmin,subdeputy,XYZ001,0,1,1,#FF795548,987456321,963852741,voter_images/1737350439_girl_avtar.jfif,Salkia,demo-01,Flat-01,Boothno-01,Santoshpur,Part001,Test01,"1 - Devkauthe","demo informartion first","demo informartion second","demo informartion third","demo informartion fourth","demo informartion ffth",0,1
