Surname,"First Name","Middle Name",Email,Gender,Age,DOB,Cast,Position,"Voter ID",Dead,Voted,"Star Voter","Colour Code","Mobile 1","Mobile 2",Image,Society,"House No","Flat No",Booth,Village,"Part No",SRN,"Voting Centre","Extra Info 1","Extra Info 2","Extra Info 3","Extra Info 4","Extra Info 5","Extra Check 1","Extra Check 2"
"लांस वेस्ट",रुडयार्ड,"लान्स वेस्ट",mail11@gmail.com,male_hi,51,1985-01-26,ब्राह्मणों,सरपंच,AA10239983BB,0,0,0,#FFE91E63,+916204546295,+91620454629,https://rajneta.fusiontechlab.site,सलकिया,डेमो-04,फ़्लैट-04,बूथनो-04,साहगंज,भाग-004,टेस्ट04,"18 - पिंपले","First extra Information_hi",,,,,1,1
बैरी,एल्डन,"विंसेंट बोल्टन",sanjaya@mailinator.com,female_hi,59,2011-05-16,ब्राह्मणों,सरपंच,AA1213442,1,0,0,#FFF44336,1234678903,387876554,https://rajneta.fusiontechlab.site,रिशरा,डेमो-04,फ़्लैट-04,बूथनो-04,साहगंज,भाग-004,टेस्ट04,"18 - पिंपले",,,,,,1,0
मैकगोवन,मौली,"किओना ज़मोरा",waxahakyqy56@mailinator.com,male_hi,85,2024-01-13,ब्राह्मणों,सरपंच,"Modi consectetur nu",0,1,1,#FFFF5722,3565465466,356546546,https://rajneta.fusiontechlab.site/voter_images/1729662583_download.jpg,सलकिया,डेमो-03,फ़्लैट-03,बूथनो-03,भरतपुर,भाग-003,टेस्ट03,"12 - निमोन",,,,,,0,0
किर्कलैंड,सियारा,"हिलेल बर्च",porak@mailinator.com,other_hi,67,1999-03-12,क्षत्रिय,सरपंच,"Dicta voluptate mole",1,1,0,#FF009688,1010101010,86444455,"https://rajneta.fusiontechlab.site/voter_images/1732777807_download (3).jpg",अर्शा,डेमो-03,फ़्लैट-03,बूथनो-03,भरतपुर,भाग-003,टेस्ट03,"12 - निमोन",demo1_hi,demo2_hi,demo_hi,demo_hi,demo_hi,1,0
किर्कलैंड,मौली,कोमल,dyzonugaly@mailinator.com,female_hi,41,2000-10-14,क्षत्रिय,उप,"Dignissimos cum do c",0,0,0,#008000,23456778,1234567890,https://rajneta.fusiontechlab.site/voter_images/1732710283_girl_avtar.jfif,,,,,,,,,,,,,,,
किर्कलैंड,Alan_hi,कुमार,viluf@mailinator.com,other_hi,80,2005-10-27,वैश्य,उप,"Necessitatibus quos",1,0,0,#FFF44336,6598989,1234567890,https://rajneta.fusiontechlab.site/voter_images/1732774647_property3.jpg,,,,,,,,,,,,,,,
टेट,सियारा,"वीनस होलकोम्ब",dopipef@mailinator.com,other_hi,71,1997-03-18,क्षत्रिय,सरपंच,"Aut velit ipsam faci",1,0,0,#FF000000,+916204546293,+916204546,https://rajneta.fusiontechlab.site/voter_images/1729662583_download.jpg,सलकिया,डेमो-03,फ़्लैट-03,बूथनो-03,भरतपुर,भाग-003,टेस्ट03,"12 - निमोन",,"helo second information",,,,0,1
मॉर्गन,लीला,"ऑस्कर रॉजर्स",cujerakyle@mailinator.com,male_hi,90,1995-12-28,क्षत्रिय,सरपंच,"Aut enim rerum optio",0,0,0,#FFFFFF,1234567890,1234567890,"https://rajneta.fusiontechlab.site/voter_images/1732710269_download (3).jpg",,,,,,,,,,,,,,,
सेन,Megan_hi,कुमार,magod@mailinator.com,other_hi,7,2024-01-10,वैश्य,उप,"Eum sapiente veritat",0,0,0,#FF2196F3,0123456789,454545647,https://rajneta.fusiontechlab.site/voter_images/1732774647_property3.jpg,,,,,,,,,,,,,,,
सेन,ध्वनि,घायल,moniii@gmail.com,महिला,34,2009-07-25,ब्राह्मणों,उप,1234566,0,0,1,#FF0000,3214567896,7876874,"https://rajneta.fusiontechlab.site/voter_images/1732715846_download (3).jpg",अर्शा,डेमो-02,फ़्लैट-02,बूथनो-02,किशनगंज,भाग-002,टेस्ट02,"7- पारेगांव बु.","पहले अतिरिक्त जानकारी","अतिरिक्त जानकारी दूसरा","अतिरिक्त जानकारी तीन","अतिरिक्त जानकारी चार","अतिरिक्त जानकारी पाँच",0,0
सेन,समर,कुमार,samar@gmail.com,पुरुष,50,1994-02-01,ब्राह्मण,उपउप,ABC123,0,0,1,#FFF44336,78788978545,78744787870,https://rajneta.fusiontechlab.site/voter_images/1732774647_property3.jpg,नीलाचल,डेमो-01,फ़्लैट-01,बूथनो-01,संतोषपुर,भाग01,टेस्ट01,"1- देवकौथे","पहले परीक्षण करें",,"तीसरा परीक्षण","चौथा परीक्षण","पांचवां परीक्षण",1,1
मिश्रा,Inez_hi११११,कोमल,baxuho@mailinator.com,male_hi,6,1979-04-03,वैश्य,उप,"Voluptatibus vitae f",0,0,1,#FFFFFF,9874561230,7895641,https://rajneta.fusiontechlab.site/voter_images/1732774853_girl_avtar.jfif,अर्शा,डेमो-02,फ़्लैट-02,बूथनो-02,किशनगंज,भाग-002,टेस्ट02,"7- पारेगांव बु.",,,,,,1,0
मिश्रा,राशि,कोमल,rashi@gmail.com,महिला,30,2010-02-20,ब्राह्मण,उपउप,XYZ001,0,1,1,#FF795548,987456321,963852741,https://rajneta.fusiontechlab.site/voter_images/1737350439_girl_avtar.jfif,सलकिया,डेमो-01,फ़्लैट-01,बूथनो-01,संतोषपुर,भाग001,टेस्ट01,"1- देवकौथे","सबसे पहले डेमो सूचना",,"डेमो सूचना तीसरा","डेमो सूचना चौथा","डेमो सूचना ffth",0,1
देव,रिया,सोम,riya@gmail.com,महिला,23,2009-04-03,ब्राह्मणों,उपउप,2356888,0,0,1,#FF0000,789456123,87451415,https://rajneta.fusiontechlab.site/voter_images/1729662583_download.jpg,सलकिया,डेमो-02,फ़्लैट-02,बूथनो-02,किशनगंज,भाग-002,टेस्ट02,"7- पारेगांव बु.",एक,दो,तीन,चार,पाँच,0,0
सोलिस,क्लेटन,"गुस्से में रेली",hafupodan@mailinator.com,पुरुष,85,2019-01-10,क्षत्रिय,उपउप,"Iusto deserunt susci",0,0,1,,15445552,4548785858,"https://rajneta.fusiontechlab.site/voter_images/1735628630_download (2).jpg","कम प्रमुख q है",डेमो-01,फ़्लैट-01,बूथनो-01,संतोषपुर,"यह मज़ेदार है क्योंकि यह समय है",टेस्ट01,"1- देवकौथे","आनंद के कम समय","किसी ऐसे व्यक्ति के रूप में जो हमारे साथ घटित होता है","हम सब नेता हैं","वह दर्द लेकर आना चाहता है","उसे थोड़ा दर्द हुआ",0,0
